origen,destino,peso
x6,x9,0.9974222641246544
x4,x9,0.747455983123309
x2,x5,0.6554667397845584
x1,x5,0.4149581888422794
x5,x9,0.016187079957557946
x1,x3,0.002231848319887677
