origen,destino,peso
x6,x9,0.9998138407964138
x2,x5,0.6869234645677285
x4,x9,0.6860149825611654
x1,x5,0.4237060182712496
x5,x9,0.0069166024477963625
x9,x3,0.005812707798794899
