Variable,Suma_BEST,Suma_WORST,Diferencia,Diferencia_Absoluta
x3,4.537088261035919,2.8520843603327157,1.6850039007032032,1.6850039007032032
x4,7.034521448483746,6.253095734144569,0.7814257143391767,0.7814257143391767
x9,3.2972415328672002,2.823020821338741,0.4742207115284591,0.4742207115284591
x6,8.284352853490471,7.8220900253208105,0.4622628281696608,0.4622628281696608
x5,3.281054452909642,2.829937423786538,0.4511170291231039,0.4511170291231039
x1,4.5259290194364805,4.948467515142785,-0.42253849570630475,0.42253849570630475
x2,6.558388151832434,6.26455474662518,0.29383340520725376,0.29383340520725376
