Caso,Variable,Entropia
BEST,x1,0.7585638181322976
BEST,x2,0.9990723690745766
BEST,x5,1.4115874648531364
BEST,x4,0.747455983123309
BEST,x6,0.9974222641246544
BEST,x9,1.7447618697846772
BEST,x3,0.6741143954801737
WORST,x1,0.735374327027247
WORST,x2,0.998591773323726
WORST,x5,1.4161999321782317
WORST,x4,0.6860149825611656
WORST,x6,0.9998138407964138
WORST,x9,1.6854410151412589
WORST,x3,0.743091727765721
